time,Rn_exch__Bqm3,Rn_air__Bqm3,depth__m,temp_wat__C,Rn_wat__Bqm3,wind__ms,meas_t__h,temp_wat__K,mole_diff_Rn__m2s,dens_wat__kgm3,abs_visc_wat__kgsm,kin_visc_wat__m2s,schm_num,k_piston_Rn__ms,kw_air,lambda__s,Rn_ss__Bqm3,Rn_ini_inv__Bqm2,Rn_ss_flux__Bqm2s,mc_Rn_water__Bqm3,mc_Rn_air_exch__Bqm3,grad_Rn_conc__Bqm3,f_Rn_atm__Bqm2s,m_inv_Rn_decay_corr__Bqm2,m_SGD_inv_Rn__Bqm2,m_air_loss_inv_Rn__Bqm2,m_net_inv_Rn__Bqm2,final_Rn_wat_no_temp_corr__Bqm3,R_tem_sol_corr,final_mc_Rn__Bqm3,sq_err
2008-12-08T16:25:00Z,69.98457147,,,,16.13576068,2.086187,,,,,,,,,,2.089202294801147e-6,37.407607706929355,,,31.25181579,,,,,,,,,,,
2008-12-08T16:55:00Z,131.8521068,6.563834,1.22868684,23.296,31.25181579,1.639147,0.5,296.44599999999997,1.2661836244630868e-9,997.470631793524,9.261266468579154e-4,9.284751022620816e-7,733.2862977562143,2.4109492632777008e-6,0.23056168441537095,2.089202294801147e-6,37.407607706929355,45.96223530538667,9.602440747420413e-5,31.251793043727286,31.25181579,29.738447166737117,7.169788728766768e-5,38.39865467597752,4.8012178659901774e-5,3.584892491961229e-5,38.39866683923126,31.251793043727286,1,31.251793043727286,5.17392922310587e-10
2008-12-08T17:25:00Z,168.5700267,6.563834,1.227306835,22.298,41.57584764,1.490133,0.5,295.448,1.23400958338731e-9,997.7049861138247,9.480679681889367e-4,9.502488023857334e-7,770.0497752840267,2.0034979876008076e-6,0.23702174014674593,2.089202294801147e-6,37.407607706929355,45.91061261971308,9.591655724083106e-5,31.251775235702876,31.251793043727286,29.69602168701291,5.94959196896803e-5,38.398626727960774,4.79582535713808e-5,2.9747944307216604e-5,38.39864493827004,31.28691525479041,1.0280187740116298,32.16353626283539,88.59160546070228
2008-12-08T17:55:00Z,135.4227548,17.1398005,1.203348427,20.899333,35.19803065,1.937173,0.5,294.049333,1.189939624308902e-9,998.0165816674605,9.801958897503308e-4,9.821438919508177e-7,825.3728776543862,2.9107216057387875e-6,0.2466384377127358,2.089202294801147e-6,37.407607706929355,45.01438589196652,9.404415830456082e-5,31.251748982045537,31.251775235702876,27.02444161767491,7.866062609959283e-5,38.398604827022425,4.702205459223098e-5,3.933029250722471e-5,38.39861251878451,31.90980405776066,1.069728642632579,34.13483138137987,1.1303926847943826
2008-12-08T18:25:00Z,181.005584,27.715767,1.193807231,19.117333,48.51291364,1.78816,0.5,292.26733299999995,1.135490922469501e-9,998.3842828160266,0.001023618673925715,1.025275228731078e-6,902.9356452284776,2.4119261933448536e-6,0.25991223599920166,2.089202294801147e-6,37.407607706929355,44.6574725749436,9.329849418359144e-5,31.25173111952189,31.251748982045537,24.048082008642652,5.800219889635033e-5,38.39857240757077,4.664922272647979e-5,2.9001084300643434e-5,38.39859005570919,32.16481610983741,1.127300213208687,36.25940405843792,150.14849706543365
2008-12-08T18:55:00Z,159.3117729,38.2917335,1.186401208,18.102667,43.67564085,1.639147,0.5,291.252667,1.1053253632326216e-9,998.5785498646794,0.0010496765247684128,1.0511707115185459e-6,951.0056916131051,2.0271104087863165e-6,0.2680188758750499,2.089202294801147e-6,37.407607706929355,44.380430971891094,9.271969823073878e-5,31.251719618987675,31.25173111952189,20.9888237515449,4.254666309493813e-5,38.39854994451891,4.635982490120858e-5,2.127332043621912e-5,38.39857503102338,32.36558996408522,1.1624606081216753,37.623723391867294,36.62570492005144
2008-12-08T19:25:00Z,165.8285249,48.8677,1.18089844,17.368,46.62894199,1.192107,0.5,290.518,1.0838581528687606e-9,998.7121927347491,0.0010691828704510816,1.0705615473897083e-6,987.7321534705821,1.1874543897081529e-6,0.2741519979912718,2.089202294801147e-6,37.407607706929355,44.17458558524485,9.228964557658321e-5,31.251717072604556,31.251719618987675,17.8545420267496,2.1201454305892513e-5,38.39853491984879,4.614479868644096e-5,1.0600721616092344e-5,38.398570463925864,32.51640375096597,1.189061394508943,38.66400038853942,63.440294714677435
2008-12-08T19:55:00Z,152.8811075,37.8418655,1.178533266,16.557333,43.93057255,0.89408,0.5,289.70733299999995,1.0605312297007982e-9,998.8526898858448,0.0010913569191293277,1.092610482186372e-6,1030.2482865069653,7.286296790999237e-7,0.28118770584388925,2.089202294801147e-6,37.407607706929355,44.08611008409422,9.210480235654564e-5,31.251717131651194,31.251717072604556,20.611049727806538,1.5017822549084248e-5,38.39853035275605,4.60523771246948e-5,7.5089073525710965e-6,38.39856889622582,32.58165891791281,1.2195769065310627,39.735838792758315,17.59579129414295
2008-12-08T20:25:00Z,144.281061,26.816031,1.174653921,15.873333,42.18241613,0.89408,0.5,289.023333,1.0411411964460253e-9,998.9654476008939,0.0011106164962468854,1.1117666771299565e-6,1067.834680757052,7.11421396493075e-7,0.2873512217384891,2.089202294801147e-6,37.407607706929355,43.940993068174386,9.180162355387121e-5,31.251716431832516,31.251717131651194,23.546097861624,1.6751197822679152e-5,38.39852878505764,4.5900787802534075e-5,8.375594536689901e-6,38.39856631025091,32.68925904368637,1.2463095178503656,40.74093467762246,2.0778687775484554
2008-12-08T20:55:00Z,161.4596324,15.7901965,1.170096073,15.334,47.75311424,0.745067,0.5,288.484,1.0260391398928464e-9,999.050562603001,0.0011261699766482826,1.1272402206691873e-6,1098.6327683239354,5.214357130662358e-7,0.29236280803353853,2.089202294801147e-6,37.407607706929355,43.77049487820258,9.144541834412268e-5,31.25171692748405,31.251716431832516,26.635250243691164,1.3888570703516734e-5,38.39852619908543,4.572268529068438e-5,6.944281724696472e-6,38.398564977488995,32.81659161460069,1.2680459408286986,41.612945788727515,37.701668610001974
2008-12-08T21:25:00Z,161.5134365,4.764362,1.168681569,14.976667,48.08452682,1.192107,0.5,288.126667,1.0161235476189688e-9,999.1050893256504,0.0011366580484070067,1.1376761669527658e-6,1119.6238583572099,1.0922200828771076e-6,0.2957588408668854,2.089202294801147e-6,37.407607706929355,43.7175816674707,9.133487194283634e-5,31.25170941286402,31.25171692748405,29.842614744893815,3.259470314993751e-5,38.39852486632491,4.56674121189109e-5,1.629734306271733e-5,38.39855423639397,32.85630171206539,1.2827753302411593,42.14725327919785,35.25121709830933
2008-12-08T21:55:00Z,176.2880409,4.764362,1.166538729,14.774,52.52639962,1.34112,0.5,287.924,1.0105315792937342e-9,999.1353482080635,0.0011426726167817012,1.1436614857347103e-6,1131.7424503784646,1.3092888409249298e-6,0.29771223909059286,2.089202294801147e-6,37.407607706929355,43.637423149371976,9.116740458287663e-5,31.251699101317254,31.25170941286402,29.833300534005886,3.9060407477133655e-5,38.39851412524111,4.558367848266589e-5,1.9530193537768014e-5,38.39854017872605,32.91664410631501,1.291247675629599,42.503540191805996,100.45771111733742
2008-12-08T22:25:00Z,146.4073988,4.764362,1.165250725,14.748667,43.47968611,1.043093,0.5,287.898667,1.0098342088988906e-9,999.1390964159377,0.001143427823783774,1.1444130530828208e-6,1133.2682563117694,8.750116183581235e-7,0.29795781251705983,2.089202294801147e-6,37.407607706929355,43.589242001015016,9.106674441716311e-5,31.251694331001318,31.251699101317254,29.83212022175785,2.610345179429444e-5,38.398500067587875,4.5533348426096974e-5,1.3051719080114903e-5,38.39853254921722,32.95302180500014,1.2923127850691385,42.58561138526378,0.7993696134121495
2008-12-08T22:55:00Z,148.4648674,4.764362,1.162927717,14.85,44.64040166,0.44704,0.5,288,1.0126258706545514e-9,999.1240579272126,0.0011404115051629185,1.1414113153563949e-6,1127.1796903812046,2.2636625070842912e-7,0.2969773827873571,2.089202294801147e-6,37.407607706929355,43.502343829050965,9.08851965568818e-5,31.251697857577987,31.251694331001318,29.83678657358978,6.754041509851116e-6,38.39849243808701,4.544257454336835e-5,3.377018991077635e-6,38.398534503642566,33.018848843588586,1.2880604318119666,42.530272699406765,4.452644230334292
2008-12-08T23:25:00Z,148.4648674,4.764362,1.159859125,14.47,45.278205,0.44704,0.5,287.62,1.002186667219042e-9,999.179825131926,0.0011517854743348657,1.1527309152612148e-6,1150.2157761287292,2.2333218024097362e-7,0.30067990121443594,2.089202294801147e-6,37.407607706929355,43.38755514330234,9.064537977119856e-5,31.25170141719117,31.251697857577987,29.819149962068174,6.659575773961231e-6,38.398494392510315,4.532266621315595e-5,3.329786147802838e-6,38.39853638539038,33.10620708820166,1.3041191209929865,43.174437687277326,4.425836906080381
2008-12-08T23:55:00Z,133.5310028,4.664613,1.156664031,14.038,41.35482785,0.596053,0.5,287.188,9.904165882774477e-10,999.2411334067339,0.001164926234007154,1.165810928975218e-6,1177.091481275389,3.48467506365369e-7,0.30497588956509997,2.089202294801147e-6,37.407607706929355,43.268034320363576,9.039567659363837e-5,31.251703354358003,31.25170141719117,29.82910691803924,1.0394474504835112e-5,38.39849627425616,4.5197814689586945e-5,5.197234537854395e-6,38.39853627483631,33.19765744045715,1.32275182816442,43.912262070140855,6.540469790347466
2008-12-09T00:25:00Z,172.3280596,4.564864,1.155199693,13.573333,53.82247042,0.44704,0.5,286.72333299999997,9.778718590381458e-10,999.3045685674123,0.0011793160179134393,1.180136722084728e-6,1206.8418895350296,2.1628694741229925e-7,0.3097020725016383,2.089202294801147e-6,37.407607706929355,43.21325693890922,9.028123556260073e-5,31.25170699155474,31.251703354358003,29.837955512869886,6.453560314902614e-6,38.39849616370221,4.514059420395491e-5,3.2267784720753813e-6,38.39853807751794,33.23974054892511,1.343250389963716,44.649294454636404,84.14715729152437
2008-12-09T00:55:00Z,122.7357492,4.465115,1.151697932,13.32,38.33352065,0.596053,0.5,286.46999999999997,9.710826992346153e-10,999.3380469677868,0.0011872749070126567,1.1880613478243043e-6,1223.4399281963385,3.396057810193764e-7,0.31232563374565786,2.089202294801147e-6,37.407607706929355,43.0822644371378,9.000756572729814e-5,31.251709019967844,31.25170699155474,29.857137119432497,1.0139656370447488e-5,38.39849796638196,4.500375935777371e-5,5.06982553720747e-6,38.39853790031578,33.34080650265141,1.3546293892569945,45.164436350022314,46.66140930081138
2008-12-09T01:25:00Z,163.4998837,4.365366,1.150975347,13.32,51.73633707,0.745067,0.5,286.46999999999997,9.710826992346153e-10,999.3380469677868,0.0011872749070126567,1.1880613478243043e-6,1223.4399281963385,4.853240295465917e-7,0.31232563374565786,2.089202294801147e-6,37.407607706929355,43.05523426092289,8.995109422112106e-5,31.251709149028848,31.251709019967844,29.888293317486095,1.4505506949112821e-5,38.398497789179984,4.497552361943295e-5,7.252749686378876e-6,38.39853551195392,33.36173586344758,1.3546293892569945,45.192787877255164,42.818036037871565
2008-12-09T01:55:00Z,133.3394602,4.067549,1.151301181,12.93,42.19266157,0.298027,0.5,286.08,9.606997911510525e-10,999.3880462158902,0.001199687250335644,1.2004218530311345e-6,1249.5285874819037,1.1046282904081009e-7,0.31643042131058746,2.089202294801147e-6,37.407607706929355,43.06742293137247,8.99765588193949e-5,31.251714141991442,31.251709149028848,29.96461290525739,3.309975912627499e-6,38.398495400820615,4.498825591191968e-5,1.6549870918988459e-6,38.398538734089435,33.35229683403706,1.3724328138604276,45.77378659264571,12.824456427819271
2008-12-09T02:25:00Z,131.1700791,3.769732,1.153691272,12.93,41.5062034,0.149013,0.5,286.08,9.606997911510525e-10,999.3880462158902,0.001199687250335644,1.2004218530311345e-6,1249.5285874819037,3.64389485629356e-8,0.31643042131058746,2.089202294801147e-6,37.407607706929355,43.15683051788434,9.016334935430813e-5,31.25172009774241,31.251714141991442,30.058856257003438,1.095313117009623e-6,38.398498622952765,4.508165113059512e-5,5.476562724589286e-7,38.398543156947625,33.283205038364564,1.3724328138604276,45.678962745096236,17.41192055208799
2008-12-09T02:55:00Z,144.1196487,3.471915,1.158024869,12.93,45.60384115,0.745067,0.5,286.08,9.606997911510525e-10,999.3880462158902,0.001199687250335644,1.2004218530311345e-6,1249.5285874819037,4.785416131132057e-7,0.31643042131058746,2.089202294801147e-6,37.407607706929355,43.31894001442025,9.050202888648001e-5,31.251720297963526,31.25172009774241,30.153100571537863,1.4429513387868452e-5,38.398503045806336,4.5250990808233394e-5,7.214752925602748e-6,38.39854108204422,33.15864979238561,1.3724328138604276,45.50801903837627,0.009181877076031061
2008-12-09T03:25:00Z,152.8724988,3.174098,1.1568533030000001,12.93,48.20496871,0.44704,0.5,286.08,9.606997911510525e-10,999.3880462158902,0.001199687250335644,1.2004218530311345e-6,1249.5285874819037,2.113301196648927e-7,0.31643042131058746,2.089202294801147e-6,37.407607706929355,43.275114533089486,9.041046859031302e-5,31.25172396566693,31.251720297963526,30.247339130542432,6.392173798002124e-6,38.3985009709051,4.520521068406127e-5,3.196085229656498e-6,38.39854298003055,33.19223178985084,1.3724328138604276,45.55410807365252,7.027062113336573
2008-12-09T03:55:00Z,109.7904839,3.76892925,1.153309854,13.034,34.0309795,1.192107,0.5,286.18399999999997,9.634604240359498e-10,999.374896481632,0.001196358168281478,1.197106483756335e-6,1242.507168837967,1.0189289687087207e-6,0.3153279306194887,2.089202294801147e-6,37.407607706929355,43.14256258296797,9.013354075193878e-5,31.251717115926276,31.25172396566693,30.063275304613168,3.0632342102135846e-5,38.398502868889445,4.506674683719509e-5,1.5316163051295797e-5,38.39853261947323,33.294203189452006,1.3676510536391042,45.53485207212846,132.33908415576943
2008-12-09T04:25:00Z,129.2589577,4.3637605,1.152255684,13.548,40.09924542,1.639147,0.5,286.698,9.771913623376675e-10,999.3079516327083,0.0011801082570054519,1.18092551457971e-6,1208.4895140238073,1.727704788247726e-6,0.3099629245865206,2.089202294801147e-6,37.407607706929355,43.103128605151554,9.005115519499159e-5,31.251701130856194,31.251717115926276,29.899113149151137,5.165684095214897e-5,38.39849250834295,4.502555408023685e-5,2.582840698566115e-5,38.398511705490044,33.32464507546751,1.3443817665215503,44.80104521526069,22.10692131471347
2008-12-09T04:55:00Z,122.6001629,4.95859175,1.152642852,13.522667,38.09769255,1.490133,0.5,286.672667,9.765112189847312e-10,999.3113268748904,0.0011809013022502544,1.1817151176933455e-6,1210.1398270897112,1.4819912326531362e-6,0.3102241090755128,2.089202294801147e-6,37.407607706929355,43.11761163381223,9.008141317170515e-5,31.25168845955982,31.251701130856194,29.713426422943257,4.403503745088595e-5,38.39847159438161,4.504068306069162e-5,2.2017507225497456e-5,38.398494617557446,33.31343663905135,1.3455145847938252,44.82371486744859,45.23937621481648
2008-12-09T05:25:00Z,135.5260586,5.5534230000000004,1.154120607,13.472,41.40311853,1.639147,0.5,286.62199999999996,9.751519650665742e-10,999.3180540022721,0.0011824898467919336,1.1832967913028868e-6,1213.4486046204115,1.7229920645482542e-6,0.31074748730362395,2.089202294801147e-6,37.407607706929355,43.172890913139184,9.019690276892997e-5,31.25167285031413,31.25168845955982,29.525976216375668,5.087302271885576e-5,38.39845450646686,4.509842782914341e-5,2.5436498073712155e-5,38.39847416839662,33.27076384868381,1.3477845986924408,44.841823101989284,11.824689133420005
2008-12-09T05:55:00Z,133.4470684,4.95894875,1.158049786,13.986,40.25821058,1.490133,0.5,287.13599999999997,9.890068008599685e-10,999.2483620632061,0.0011665233076488658,1.1674007703553073e-6,1180.3768885514442,1.5068122555713144e-6,0.30549931837332167,2.089202294801147e-6,37.407607706929355,43.31987209978149,9.050397620135567e-5,31.251659934650018,31.25167285031413,29.736717387340892,4.480765019970585e-5,38.39843405732739,4.525196446516268e-5,2.240381339813616e-5,38.39845690547846,33.1578636511906,1.325022061440816,43.93490084807407,13.518051327350618
2008-12-09T06:25:00Z,120.4566077,4.3644745,1.160928628,14.368667,36.21888091,0.89408,0.5,287.518667,9.994164844377722e-10,999.194406492707,0.001154847606815382,1.1557786946276417e-6,1156.4535032437773,6.745786807798709e-7,0.30167923972957983,2.089202294801147e-6,37.407607706929355,43.42756269196772,9.072896363367964e-5,31.251657668026695,31.251659934650018,29.93498858567088,2.0193505109282354e-5,38.39841679442727,4.536445812256819e-5,1.0096747281017673e-5,38.39845206213811,33.0756354318606,1.3084534860791799,43.27793048510204,49.83018090374825
2008-12-09T06:55:00Z,176.4214751,3.77000025,1.163138551,14.47,52.87098217,1.192107,0.5,287.62,1.002186667219042e-9,999.179825131926,0.0011517854743348657,1.1527309152612148e-6,1150.2157761287292,1.072757282857724e-6,0.30067990121443594,2.089202294801147e-6,37.407607706929355,43.510230624614245,9.090167366827122e-5,31.251650209653796,31.251657668026695,30.118094365278296,3.230940507614847e-5,38.39841195109198,4.545081309475999e-5,1.6154694100329667e-5,38.398441247210975,33.01278357096684,1.3041191209929865,43.05260229210098,96.40058342673237
2008-12-09T07:25:00Z,127.0357725,3.175526,1.163564053,14.571333,37.10864945,1.490133,0.5,287.72133299999996,1.0049625679859993e-9,999.1651214523497,0.0011487356456371417,1.149695501747881e-6,1144.018233486979,1.5385874084008827e-6,0.29968564039569373,2.089202294801147e-6,37.407607706929355,43.52614763650875,9.09349275260476e-5,31.251636607255605,31.251650209653796,30.29999066675062,4.6619184114526775e-5,38.39840113617614,4.546744001496379e-5,2.33095798824565e-5,38.39842329403627,33.00069574600056,1.2998067790647805,42.89452804450579,33.47639111036028
2008-12-09T07:55:00Z,129.2116101,2.8778205,1.165083974,15.360667,36.10195721,1.78816,0.5,288.51066699999996,1.0267819967611498e-9,999.0464335114733,0.0011253931788875692,1.1264673403937884e-6,1097.0852079088677,2.1181015521259303e-6,0.2921118070816298,2.089202294801147e-6,37.407607706929355,43.58300424502228,9.105371248302868e-5,31.251615394485643,31.251636607255605,30.410991260544044,6.441356779064644e-5,38.39838318302019,4.552683246243311e-5,3.220676707343404e-5,38.39839650308558,32.95762139037505,1.2669572909407296,41.75589871259982,31.96705451482072
2008-12-09T08:25:00Z,127.0895765,2.580115,1.174310836,16.76,33.61597191,1.78816,0.5,289.90999999999997,1.0663276438113983e-9,998.8182582354498,0.0010857480569873273,1.0870326488679242e-6,1019.4171136579744,2.22441782987449e-6,0.27940180603151277,2.089202294801147e-6,37.407607706929355,43.92815907908426,9.177481075441267e-5,31.2515929089057,31.251615394485643,30.530726603716648,6.791309261633074e-5,38.39835639209748,4.588738140980709e-5,3.395652857235974e-5,38.39836832295032,32.69864089285328,1.2118310409640891,39.62522803129732,36.111159131349304
2008-12-09T08:55:00Z,180.8893671,2.2824095,1.179871104,18.536,43.09178579,2.086187,0.5,291.686,1.1181344935927683e-9,998.4969477000847,0.0010384250967580813,1.039988253494381e-6,930.1101606772819,3.026144314857821e-6,0.26450612888637165,2.089202294801147e-6,37.407607706929355,44.136155403173646,9.220935715201042e-5,31.251560036517954,31.2515929089057,30.64788160752722,9.274491268905407e-5,38.39832821199166,4.610465449512225e-5,4.637243212378136e-5,38.39832794421403,32.54451084871558,1.1472250020946573,37.33587652658733,33.13049144863985
2008-12-09T09:25:00Z,165.6692648,1.984704,1.21713697,22.118,38.82175326,2.831253,0.5,295.268,1.228271525619668e-9,997.7461974247041,9.521108049820769e-4,9.54261522057997e-7,776.9141449213098,5.561910220219866e-6,0.23822177318618765,2.089202294801147e-6,37.407607706929355,45.530182299360646,9.512176134253882e-5,31.251496142828483,31.251560036517954,30.778760330388234,1.711887016472841e-4,38.39828783329755,4.756085582979916e-5,8.559430611695266e-5,38.398249799847264,31.548010409910777,1.0332235982324651,32.59614883280328,38.758150483931416
2008-12-09T09:55:00Z,146.2868776,1.9845925,1.215768466,22.707333,34.206414530000004,2.831253,0.5,295.857333,1.2471319879582444e-9,997.6100615001454,9.38972413176973e-4,9.412218755743135e-7,754.7091123171695,5.6705318654332904e-06,0.23433286595472907,2.089202294801147e-6,37.407607706929355,45.47898983858328,9.501480993600624e-5,31.251430777186627,31.251496142828483,30.786440894551223,1.745754941158313e-4,38.39820968901242,4.7507380154463706e-5,8.728770146675036e-5,38.39816990869111,31.58345604654884,1.0163564971730694,32.10005075608998,4.436768348040486
2008-12-09T10:25:00Z,120.5814332,1.984481,1.206771604,22.784667,26.56364883,2.384213,0.5,295.934667,1.2496226810600872e-9,997.5919401780978,9.372691718360809e-4,9.395316201820479e-7,751.8522466197709,4.318258146153119e-6,0.23383105012506433,2.089202294801147e-6,37.407607706929355,45.1424387542939,9.431168663839104e-5,31.251382123830602,31.251430777186627,30.78739750100339,1.3294793005756207e-4,38.39812979793972,4.7155818689279874e-5,6.64739303088389e-5,38.3981104798281,31.818871402469707,1.014180004444292,32.27006314036908,32.563164281585024
2008-12-09T10:55:00Z,144.0873662,1.9843695,1.21377896,24.992667,30.57303685,2.384213,0.5,298.14266699999996,1.3222953490295112e-9,997.0498363180183,8.905879591938714e-4,8.93223113583472e-7,675.5095329035578,4.637936316065773e-6,0.22029634155923983,2.089202294801147e-6,37.407607706929355,45.404567178604694,9.485932594399377e-5,31.251329682963377,31.251382123830602,30.814232782678864,1.429144492744908e-4,38.398070369138786,4.74296381990628e-5,7.145718731450254e-5,38.39804634158967,31.63512270931906,0.9554768049072825,30.22662596914999,0.12000049837128131
2008-12-09T11:25:00Z,127.0895765,1.984258,1.220790148,26.444,26.84141185,2.533227,0.5,299.594,1.3717275772255462e-9,996.6680928235302,8.618411304953354e-4,8.64722304948848e-7,630.3892400397999,5.351510799070873e-6,0.212184021794864,2.089202294801147e-6,37.407607706929355,45.66683894886823,9.540726472828991e-5,31.251268539298987,31.251329682963377,30.830301840244744,1.6498869323668437e-4,38.398006230967354,4.770360744811423e-5,8.24943035308125e-5,38.39797144027127,31.453375916555373,0.9202917749880832,28.946283151614175,4.43048319635895
2008-12-09T11:55:00Z,116.7567219,2.1823715,1.223839574,26.627333,23.7461666,2.68224,0.5,299.777333,1.3780670751409326e-9,996.6184698369487,8.583128538547695e-4,8.612251125500347e-7,624.9515194766253,5.897984294240443e-6,0.21120073579742893,2.089202294801147e-6,37.407607706929355,45.780910680407544,9.564558365159378e-5,31.251200777113567,31.251268539298987,30.790350072715647,1.8160100114304197e-4,38.39793132972719,4.7822766847528115e-5,9.080045314561336e-5,38.397888352040894,31.37493603556318,0.9160270334291014,28.740289580684752,24.94126434620357
2008-12-09T12:25:00Z,105.8687787,2.380485,1.235807279,28.148667,21.20639071,2.384213,0.5,301.29866699999997,1.4315065275205243e-9,996.1947883031149,8.298847531121248e-4,8.330547026106439e-7,581.9426503444288,5.122876597697391e-6,0.20338157858364725,2.089202294801147e-6,37.407607706929355,46.2285938941998,9.65808844491925e-5,31.251143437744666,31.251200777113567,30.767053980018872,1.5761582081433106e-4,38.39784824158362,4.8290417002069526e-5,7.880786924509422e-5,38.39781772413137,31.071040263820432,0.8821135181214366,27.40818463881145,38.462247935442534
2008-12-09T12:55:00Z,138.2237458,2.5785985,1.24677448,28.78,27.86112036,2.533227,0.5,301.92999999999995,1.4541232977013393e-9,996.0128138356035,8.18517807340968e-4,8.217944548212088e-7,565.1477121096208,5.756035101392723e-6,0.20030825871717065,2.089202294801147e-6,37.407607706929355,46.63885064685084,9.743799379828873e-5,31.25107892191443,31.251143437744666,30.734628862278957,1.7690960255955558e-4,38.39777761374787,4.871897145277973e-5,8.845475507904972e-5,38.397737877964246,30.79766107978425,0.8687838103936779,26.756509344108032,1.2201654964298876
2008-12-09T13:25:00Z,140.2129931,2.776712,1.256524593,28.519333,28.75594809,2.384213,0.5,301.669333,1.4447537099738582e-9,996.0883807487352,8.231812911996808e-4,8.264139077507516e-7,572.0102340250817,5.1820386251510865e-6,0.20156537085588852,2.089202294801147e-6,37.407607706929355,47.00357904905307,9.819998521314879e-5,31.25102206581274,31.25107892191443,30.691389937874433,1.5904396811763872e-4,38.39769776766415,4.909996696121231e-5,7.952194252378104e-5,38.39766734568859,30.558627789379518,0.8742362000303406,26.71545863672872,4.163597208911331
2008-12-09T13:55:00Z,125.1262478,3.07332525,1.264643619,27.806667,25.77737288,2.086187,0.5,300.956667,1.419363018768916e-9,996.2918691773317,8.361459058319121e-4,8.392579842314111e-7,591.2919902332958,4.093644654112674e-6,0.2050876114592823,2.089202294801147e-6,37.407607706929355,47.30729238862344,9.883450381914092e-5,31.250978937456146,31.25102206581274,30.62072113105274,1.2535035136320902e-4,38.397627235462174,4.941722609850103e-5,6.267514294580377e-5,38.397613977545326,30.362398861354887,0.8895129820868435,27.007747954473967,1.5138228238868154
2008-12-09T14:25:00Z,114.5320479,3.3699385,1.270035219,27.624,23.54957819,1.639147,0.5,300.774,1.4129080399586486e-9,996.3432876551494,8.39520404453391e-4,8.42601555964878e-7,596.3597998844556,2.7673332788415475e-6,0.20601091568661323,2.089202294801147e-6,37.407607706929355,47.50897924633611,9.925586846510546e-5,31.25095207801282,31.250978937456146,30.556734821263575,8.456066916361902e-5,38.39757386737466,4.9627908311442056e-5,4.228031249841537e-5,38.39758121497047,30.233477497737386,0.8935175686670991,27.01414330612976,12.003211443903233
2008-12-09T14:55:00Z,120.8237715,3.66655175,1.257251012,27.702,24.71680408,1.34112,0.5,300.852,1.4156617180053324e-9,996.321368676395,8.380768707756241e-4,8.411712296093805e-7,594.1894302224905,2.0122280406096893e-6,0.20561562131847988,2.089202294801147e-6,37.407607706929355,47.03075264603593,9.825675635432337e-5,31.2509341040328,31.25095207801282,30.49705176184021,6.13670227111e-5,38.397541104834026,4.9128352516973573e-5,3.06834953292796e-5,38.397559549691216,30.540885776349025,0.8918030844537499,27.23645613729772,6.348646489844629
2008-12-09T15:25:00Z,153.3774474,3.963165,1.258661683,27.91,32.05472627,1.78816,0.5,301.06,1.4230241029522665e-9,996.262648283968,8.342463692847142e-4,8.373759376823753e-7,588.448175926971,3.209162545447167e-6,0.20456904938052872,2.089202294801147e-6,37.407607706929355,47.08352247340747,9.836700319876427e-5,31.250901729207833,31.2509341040328,30.44019320744462,9.768752791750653e-5,38.3975194395774,4.918347591040257e-5,4.8843738447221685e-5,38.39751977931486,30.506624852355074,0.8872638569554562,27.067425629193735,24.87316768178661
2008-12-09T15:55:00Z,160.8548054,3.36177875,1.257942931,27.045333,33.97379803,2.2352,0.5,300.195333,1.3926015837731444e-9,996.5041684030211,8.503521397153872e-4,8.533352560663601e-7,612.7633818671349,4.463944830101484e-6,0.2089924371927317,2.089202294801147e-6,37.407607706929355,47.05663568055291,9.831083124943266e-5,31.25085395855515,31.250901729207833,30.5483153949426,1.363659945755636e-4,38.39747966924259,4.9155389950406315e-5,6.818296167519695e-5,38.39746064167087,30.52400843903694,0.9064491254159085,27.668460753752846,39.757278167231846
2008-12-09T16:25:00Z,145.3344307,2.7603925,1.247769233,26.626,30.31717385,1.937173,0.5,299.77599999999995,1.3780209036318023e-9,996.6188317649955,8.583384263151347e-4,8.612504590095207e-7,624.9908522720356,3.503955781601261e-6,0.21120785253762006,2.089202294801147e-6,37.407607706929355,46.67606197684013,9.751573579429496e-5,31.25081732958179,31.25085395855515,30.6678373864692,1.0745874611952605e-4,38.39742053166037,4.875784243048018e-5,5.3729344996434436e-5,38.39741556015781,30.772850094916397,0.9160579003973454,28.189712447191365,4.526092020440484
2008-12-09T16:55:00Z,145.2874189,2.15900625,1.241118378,27.12,31.57517394,1.639147,0.5,300.27,1.3952096697109994e-9,996.4835816180189,8.48942259788129e-4,8.519380303383195e-7,610.6164892870819,2.7240679338270556e-6,0.2086028321810397,2.089202294801147e-6,37.407607706929355,46.427269402084455,9.699595777618592e-5,31.25078995981991,31.25081732958179,30.800442511135223,8.390249779226713e-5,38.39737545019441,4.8497953557167993e-05,4.1951226984623804e-5,38.397381996920984,30.937727357479343,0.9047593172733287,27.991197081941394,12.844890119099633
2008-12-09T17:25:00Z,104.6692194,1.55762,1.227241668,25.511333,24.01607327,1.639147,0.5,298.66133299999996,1.339807996024969e-9,996.9156883387586,8.801455002497027e-4,8.828685419891029e-7,658.9515397791741,2.5891086333335846e-6,0.2173290327915361,2.089202294801147e-6,37.407607706929355,45.90817487814164,9.591146430554587e-5,31.250763783479545,31.25078995981991,30.912273911763158,8.003523526091854e-5,38.39734188699264,4.795570710506825e-5,4.001759672890228e-5,38.39734982510302,31.28752129780442,0.9426068921321922,29.491833213043197,29.98394695383644
2008-12-09T17:55:00Z,100.502264,2.04437625,1.214246628,23.473333,23.77018273,1.490133,0.5,296.623333,1.271964666758067e-9,997.4279598113386,9.223101963899637e-4,9.246885324574386e-7,726.9765871832336,2.0819141939420756e-6,0.22944733535278397,2.089202294801147e-6,37.407607706929355,45.422061519685776,9.48958751615264e-5,31.25074382621507,31.250763783479545,30.781687100458527,6.40848312879283e-5,38.39730971520829,4.744791279828413e-5,3.204239890792596e-5,38.39732512072218,31.62234445235139,0.995166807245477,31.469507566263253,59.2796029343002
2008-12-09T18:25:00Z,134.5644535,2.5311325,1.204899015,22.374667,32.49770627,1.937173,0.5,295.52466699999997,1.2364595816868449e-9,997.6873343911888,9.463540595725222e-4,9.485477332936262e-7,767.1481925835103,3.056271123694652e-6,0.23651390099462383,2.089202294801147e-6,37.407607706929355,45.07238967958559,9.416533995076174e-5,31.250711382609094,31.25074382621507,30.652095804705798,9.368111528864431e-5,38.39728501085325,4.7082645383684314e-5,4.6840533179083016e-5,38.39728525296546,31.867637681623847,1.0258161567232897,32.690337610413664,0.037106833309564186
2008-12-09T18:55:00Z,115.3280777,3.01788875,1.200122667,21.634,28.2787608,2.086187,0.5,294.784,1.2129402491356236e-9,997.8553905545572,9.631145224205636e-4,9.65184466143249e-7,795.7394989827961,3.358055515261324e-6,0.2415029037246127,2.089202294801147e-6,37.407607706929355,44.89371792732981,9.379205851593283e-5,31.25067511258747,31.250711382609094,30.521882486366252,1.024941758195002e-4,38.39724514313818,4.6896004763753966e-5,5.1247061142941085e-5,38.3972407920818,31.994430109436305,1.0474546294931228,33.51271393612322,27.39426543113408
2008-12-09T19:25:00Z,138.838254,3.504645,1.195158485,21.102,34.469536,2.2352,0.5,294.25199999999995,1.1962521412814727e-9,997.9726672500028,9.754374346037229e-4,9.774189881288257e-7,817.0677020329307,3.684401954293095e-6,0.24520274128814756,2.089202294801147e-6,37.407607706929355,44.708019754488014,9.340409746709137e-5,31.250634699371467,31.25067511258747,30.39132655134567,1.1197386293933762e-4,38.39720068230096,4.6702024340650976e-5,5.5986902227197414e-5,38.39719139742308,32.12728008823288,1.06350169114136,34.167416705607806,0.09127606804403583
2008-12-09T19:55:00Z,160.3953034,3.40729375,1.190767388,20.671333,40.23491711,3.12928,0.5,293.821333,1.1828675369101265e-9,998.0654791687053,9.855920024840765e-4,9.875023463440314e-7,834.8376428721463,6.222134957216396e-6,0.2482711741441898,2.089202294801147e-6,37.407607706929355,44.54375932050894,9.306092419147726e-5,31.250561693914907,31.250634699371467,30.404701879404808,1.8918215842758773e-4,38.39715128769384,4.653043779246515e-5,9.459102980803336e-5,38.39710322710182,32.24567922673225,1.0768102027608115,34.72247638629764,30.38700273233214
2008-12-09T20:25:00Z,132.4275533,3.3099425,1.190744388,20.316667,33.36739672,2.68224,0.5,293.466667,1.1719283968527517e-9,998.1404708687991,9.940772771409043e-4,9.959292365689188e-7,849.8208928493551,4.804760386211033e-6,0.25084847160251295,2.089202294801147e-6,37.407607706929355,44.542898945531675,9.305912669410037e-5,31.25050675134692,31.250561693914907,30.420267676697705,1.4616209707093308e-4,38.39706311746468,4.652953904424613e-5,7.308101036458602e-5,38.39703656599336,32.24624609021745,1.0879885451851319,35.08354637137743,2.945169625922868
2008-12-09T20:55:00Z,170.9451798,3.21259125,1.188141546,20.164667,43.10458944,1.937173,0.5,293.314667,1.1672631760514052e-9,998.172209098009,9.977482707170682e-4,9.995752853294483e-7,856.3409742015436,2.8400826800472166e-6,0.25196717419058356,2.089202294801147e-6,37.407607706929355,44.44553285307256,9.285570923029895e-5,31.2504768005989,31.25050675134692,30.441039212255024,8.645506822936366e-5,38.39699645642585,4.6427830365468796e-5,4.322751153655696e-5,38.39699965674468,32.31685634258991,1.0928406201988414,35.31717332831282,60.64384969656506
2008-12-09T21:25:00Z,145.1292882,3.11524,1.187348044,20.139333,37.00834104,1.937173,0.5,293.289333,1.1664869572595435e-9,998.1774754557135,9.983621453252148e-4,1.0001850070493895e-6,857.4335107862233,2.8376684173037664e-6,0.2521544620260346,2.089202294801147e-6,37.407607706929355,44.41584984154189,9.279369541449247e-5,31.250446827937505,31.2504768005989,30.464955134316916,8.644944101922733e-5,38.39695954721574,4.639682347376074e-5,4.322469793295837e-5,38.396962719341275,32.338422515093036,1.0936529313854375,35.367010580012334,2.6939656788833166
2008-12-09T21:55:00Z,132.5985053,2.82318625,1.186958959,19.758,34.17958555,2.2352,0.5,292.90799999999996,1.154849242794476e-9,998.2559319717197,0.001007672894751177,1.0094334152974752e-6,874.0824151686439,3.522310841200084e-6,0.25500256697350676,2.089202294801147e-6,37.407607706929355,44.401295102497244,9.276328762028017e-5,31.250407959935274,31.250446827937505,30.5305270871432,1.0753800654659732e-4,38.39692260985091,4.6381619584595715e-5,5.376897518927085e-5,38.39691522249531,32.348983030419426,1.1060058292864658,35.77816380313285,2.555452431389273
2008-12-09T22:25:00Z,143.2830064,2.5311325,1.185720789,19.394667,37.32746327,2.086187,0.5,292.544667,1.1438410623745903e-9,998.3292574487655,0.001016668814391318,1.0183702488990648e-6,890.3074757475041,3.115723280092717e-6,0.25776749988424363,2.089202294801147e-6,37.407607706929355,44.35497812486276,9.266652208431795e-5,31.250374190574032,31.250407959935274,30.597964263534518,9.53347895793395e-5,38.39687511305456,4.6333236841885356e-5,4.766736989256623e-5,38.39687377892151,32.38272798717161,1.1179979905935271,36.20382481959464,1.2625633672293721
2008-12-09T22:55:00Z,151.7451313,2.23907875,1.185515705,19.04,39.5319791,1.490133,0.5,292.19,1.1331706097756167e-9,998.3994798007211,0.0010255695996083784,1.0272136758455448e-6,906.4951623206564,1.7969424435715135e-6,0.2605156340541429,2.089202294801147e-6,37.407607706929355,44.34730642304379,9.265049434727273e-5,31.250357380677166,31.250374190574032,30.667059170320623,5.510694024266813e-5,38.39683366952406,4.632522297754846e-5,2.7553455729911984e-5,38.3968524412913,32.38831192142773,1.1299172918289757,36.596113693171745,8.619305687010842
2008-12-09T23:25:00Z,145.1869845,1.947025,1.185416038,19.04,37.82347934,1.937173,0.5,292.19,1.1331706097756167e-9,998.3994798007211,0.0010255695996083784,1.0272136758455448e-6,906.4951623206564,2.7342836550576164e-6,0.2605156340541429,2.089202294801147e-6,37.407607706929355,44.343578119006466,9.264270516592223e-5,31.25032835647561,31.250357380677166,30.743126928282898,8.406042946536559e-5,38.39681233191613,4.6321328388907395e-5,4.203019277992847e-5,38.39681662305174,32.39100483897092,1.1299172918289757,36.599156467269275,1.4989664966916127
2008-12-09T23:55:00Z,134.7183103,2.23925075,1.184181701,19.04,35.09622604,2.086187,0.5,292.19,1.1331706097756167e-9,998.3994798007211,0.0010255695996083784,1.0272136758455448e-6,906.4951623206564,3.0785009386268358e-6,0.2605156340541429,2.089202294801147e-6,37.407607706929355,44.297404524732315,9.254623918680546e-5,31.25029492614525,31.25032835647561,30.666968527533143,9.440829139685041e-5,38.39677651371399,4.627309542454152e-5,4.72041210432808e-5,38.39677558268837,32.42473308805873,1.1299172918289757,36.6372665991367,2.3748060049043644
2008-12-10T00:25:00Z,166.7889089,2.5314765,1.183321115,19.04,43.45111836,1.639147,0.5,292.19,1.1331706097756167e-9,998.3994798007211,0.0010255695996083784,1.0272136758455448e-6,906.4951623206564,2.092968826291335e-6,0.2605156340541429,2.089202294801147e-6,37.407607706929355,44.26521206124624,9.247898261821504e-5,31.2502743047411,31.25029492614525,30.59080572065459,6.40256027444647e-5,38.39673547339349,4.6239467157810674e-5,3.201278465166197e-5,38.396749700076,32.44829253306783,1.1299172918289757,36.663886823438375,46.06651193089671
2008-12-10T00:55:00Z,168.9514519,2.82370225,1.180750857,19.04,44.01449463,1.34112,0.5,292.19,1.1331706097756167e-9,998.3994798007211,0.0010255695996083784,1.0272136758455448e-6,906.4951623206564,1.518176754060858e-6,0.2605156340541429,2.089202294801147e-6,37.407607706929355,44.16906485827664,9.227811166113226e-5,31.250261119255875,31.2502743047411,30.51465572270224,4.632664097637667e-5,38.39670959080816,4.613903173172762e-5,2.3163308389780385e-5,38.3967325665315,32.51891145274138,1.1299172918289757,36.7436803619078,52.86474012109315
2008-12-10T01:25:00Z,147.533301,3.115928,1.182588946,19.04,38.11556322,1.34112,0.5,292.19,1.1331706097756167e-9,998.3994798007211,0.0010255695996083784,1.0272136758455448e-6,906.4951623206564,1.518176754060858e-6,0.2605156340541429,2.089202294801147e-6,37.407607706929355,44.23782337051907,9.242176210269625e-5,31.250248013150546,31.250261119255875,30.438513160668816,4.621104310870289e-5,38.39669245728155,4.6210856914994664e-5,2.310550948613239e-5,38.396715562628984,32.46835317757907,1.1299172918289757,36.686553692556856,2.042068229523273
2008-12-10T01:55:00Z,93.93984337,2.62899975,1.182667529,19.318667,24.1963744,1.490133,0.5,292.468667,1.1415482980278785e-9,998.3444180603813,0.0010185661203805858,1.0202552365239763e-6,893.7468859500327,1.8139981919814425e-6,0.25835226751983453,2.089202294801147e-6,37.407607706929355,44.240762972555494,9.242790352601655e-5,31.25023099992003,31.250248013150546,30.57103996642897,5.545581122609457e-5,38.3966754533968,4.621392762505096e-5,2.7727891130515998e-5,38.3966939394333,32.466177516431415,1.120534264723696,36.37946435176347,148.42768077275997
2008-12-10T02:25:00Z,147.4114977,2.1420715,1.18292053,19.42,38.40299978,2.086187,0.5,292.57,1.1446060646703549e-9,998.3241903210082,0.0010160375924525417,1.0177431362509985e-6,889.1645498524484,3.1183939963039085e-6,0.25757307583937084,2.089202294801147e-6,37.407607706929355,44.25022713471296,9.24476760753143e-5,31.25019696853337,31.25023099992003,30.698491054997177,9.572999020149243e-5,38.396653830223705,4.622381389453614e-5,4.7864970100434304e-5,38.3966521890675,32.459198412143124,1.1171547279960758,36.261946973088406,4.5841071219840215
2008-12-10T02:55:00Z,128.1665743,1.65514325,1.181256858,19.04,33.38939636,2.086187,0.5,292.19,1.1331706097756167e-9,998.3994798007211,0.0010255695996083784,1.0272136758455448e-6,906.4951623206564,3.0785009386268358e-6,0.2605156340541429,2.089202294801147e-6,37.407607706929355,44.18799314518395,9.231765668157567e-5,31.25016324152521,31.25019696853337,30.819006275309185,9.487633974608567e-5,38.396612079901516,4.6158804231621966e-5,4.7438145095665526e-5,38.39661080056065,32.50487863035175,1.1299172918289757,36.72782443323659,11.145102000174186
2008-12-10T03:25:00Z,130.2265461,1.168215,1.181063274,19.04,33.92605122,1.78816,0.5,292.19,1.1331706097756167e-9,998.3994798007211,0.0010255695996083784,1.0272136758455448e-6,906.4951623206564,2.4056049897028744e-6,0.2605156340541429,2.089202294801147e-6,37.407607706929355,44.180751630853614,9.230252769321889e-5,31.250138158183102,31.25016324152521,30.94582497008865,7.444343095851706e-5,38.3965706914379,4.6151239741394575e-5,3.722169603802606e-5,38.396579620981605,32.510179993101374,1.1299172918289757,36.733814534677656,7.883534831249667
2008-12-10T03:55:00Z,138.9985215,1.168215,1.180798773,19.04,36.21128796,1.937173,0.5,292.19,1.1331706097756167e-9,998.3994798007211,0.0010255695996083784,1.0272136758455448e-6,906.4951623206564,2.7342836550576164e-6,0.2605156340541429,2.089202294801147e-6,37.407607706929355,44.170857281207525,9.228185639523272e-5,31.25010876091019,31.250138158183102,30.945799886746542,8.46145948230149e-5,38.396539511891426,4.6140904097799896e-5,4.230727531403038e-5,38.39654334552021,32.51743160942479,1.1299172918289757,36.74200826135519,0.28166403827054204
2008-12-10T04:25:00Z,162.2437221,1.168215,1.180005271,19.04,42.26702614,1.78816,0.5,292.19,1.1331706097756167e-9,998.3994798007211,0.0010255695996083784,1.0272136758455448e-6,906.4951623206564,2.4056049897028744e-6,0.2605156340541429,2.089202294801147e-6,37.407607706929355,44.14117426967686,9.221984257942624e-5,31.25008364942353,31.25010876091019,30.94577048947363,7.444329989967773e-5,38.39650323646792,4.610989720609184e-5,3.722163050864062e-5,38.39651212473462,32.53927170358769,1.1299172918289757,36.76668576140502,30.253744280402337
2008-12-10T04:55:00Z,194.4895465,1.168215,1.180541939,19.04,50.66756753,1.937173,0.5,292.19,1.1331706097756167e-9,998.3994798007211,0.0010255695996083784,1.0272136758455448e-6,906.4951623206564,2.7342836550576164e-6,0.2605156340541429,2.089202294801147e-6,37.407607706929355,44.16124973568972,9.226178428908951e-5,31.250054244475788,31.25008364942353,30.94574537798697,8.4614445780604555e-05,38.39647201571495,4.613086804997021e-5,4.2307200792864134e-5,38.396475839382205,32.524448789940195,1.1299172918289757,36.74993709495943,193.70043692636762
2008-12-10T05:25:00Z,153.9888766,1.168215,1.181473442,19.04,40.14702677,1.490133,0.5,292.19,1.1331706097756167e-9,998.3994798007211,0.0010255695996083784,1.0272136758455448e-6,906.4951623206564,1.7969424435715135e-6,0.2605156340541429,2.089202294801147e-6,37.407607706929355,44.19609503449155,9.233458316730932e-5,31.250037143485308,31.250054244475788,30.945715973039228,5.560767047866313e-5,38.396435730400434,4.6167267470068365e-5,2.7803820717141557e-5,38.39645409384719,32.498787301430674,1.1299172918289757,36.72094173535845,11.738058664594758
2008-12-10T05:55:00Z,183.9033428,1.168215,1.181469609,19.014667,47.90969596,1.043093,0.5,292.16466699999995,1.13241127876818e-9,998.404444147018,0.0010262099303609844,1.02784992232053e-6,907.6648578055579,1.0146527200104278e-6,0.2607138078043109,2.089202294801147e-6,37.407607706929355,44.19595165113122,9.233428361046388e-5,31.250030287623783,31.250037143485308,30.945467362501194,3.1398902631355754e-5,38.396413984888135,4.616711769172387e-5,1.5699443115715063e-5,38.39644445256271,32.49888457567825,1.1307768177761015,36.74898528175828,124.56146284341877
2008-12-10T06:25:00Z,140.9965232,1.168215,1.181128441,19.04,36.73179864,1.34112,0.5,292.19,1.1331706097756167e-9,998.3994798007211,0.0010255695996083784,1.0272136758455448e-6,906.4951623206564,1.518176754060858e-6,0.2605156340541429,2.089202294801147e-6,37.407607706929355,44.183189372425055,9.230762062850407e-5,31.25001683164624,31.250030287623783,30.945692016187223,4.6981030257302126e-5,38.39640434361373,4.615378620770712e-5,2.349050285934645e-5,38.39642700689708,32.508257082006104,1.1299172918289757,36.731641804180455,2.4597474292546238e-8
2008-12-10T06:55:00Z,155.8800333,1.168215,1.181128441,19.04,40.6091857,1.35,0.5,292.19,1.1331706097756167e-9,998.3994798007211,0.0010255695996083784,1.0272136758455448e-6,906.4951623206564,1.5342924370158133e-6,0.2605156340541429,2.089202294801147e-6,37.407607706929355,44.183189372425055,9.230762062850407e-5,31.25000316457529,31.25001683164624,30.94567856020968,4.747972057325211e-5,38.396386897966316,4.615378620770712e-5,2.373984788708625e-5,38.396409311904634,32.508242100576624,1.1299172918289757,36.73162487640423,15.035477940684666
